latest_draw_date,ticket_number,numbers,stars,main_matches_against_latest_known_draw,star_matches_against_latest_known_draw,note
2026-06-19,1,"1, 4, 35, 47, 50","2, 4",0,1,This compares generated tickets against the latest known draw only for post-build tracking; it is not a future prediction score.
2026-06-19,2,"1, 7, 32, 33, 40","8, 10",0,0,This compares generated tickets against the latest known draw only for post-build tracking; it is not a future prediction score.
2026-06-19,3,"19, 24, 33, 36, 39","8, 10",1,0,This compares generated tickets against the latest known draw only for post-build tracking; it is not a future prediction score.
2026-06-19,4,"3, 11, 32, 36, 38","2, 8",0,1,This compares generated tickets against the latest known draw only for post-build tracking; it is not a future prediction score.
2026-06-19,5,"3, 21, 42, 46, 48","1, 2",1,1,This compares generated tickets against the latest known draw only for post-build tracking; it is not a future prediction score.
2026-06-19,6,"7, 20, 33, 46, 48","2, 3",0,1,This compares generated tickets against the latest known draw only for post-build tracking; it is not a future prediction score.
2026-06-19,7,"13, 21, 42, 45, 46","2, 4",1,1,This compares generated tickets against the latest known draw only for post-build tracking; it is not a future prediction score.
2026-06-19,8,"17, 24, 32, 33, 38","6, 10",0,0,This compares generated tickets against the latest known draw only for post-build tracking; it is not a future prediction score.
2026-06-19,9,"6, 19, 33, 34, 48","10, 12",1,0,This compares generated tickets against the latest known draw only for post-build tracking; it is not a future prediction score.
2026-06-19,10,"3, 8, 40, 43, 48","1, 6",1,0,This compares generated tickets against the latest known draw only for post-build tracking; it is not a future prediction score.
